INSERT INTO `course_member` (`id`, `courseId`, `classroomId`, `joinedType`, `userId`, `orderId`, `deadline`, `levelId`, `learnedNum`, `credit`, `noteNum`, `noteLastUpdateTime`, `isLearned`, `seq`, `remark`, `isVisible`, `role`, `locked`, `deadlineNotified`, `createdTime`) VALUES (1,1,0,'course',1,0,0,0,0,0,0,0,0,0,'',1,'teacher',0,0,1429267201),(2,2,0,'course',1,0,0,0,6,0,1,1433993429,0,0,'',1,'teacher',0,0,1429268481),(3,3,0,'course',1,0,0,0,4,0,0,0,0,0,'',1,'teacher',0,0,1429268980),(4,4,0,'course',1,0,0,0,4,0,1,1432890250,0,0,'',1,'teacher',0,0,1429269404),(6,1,0,'course',5,2,0,0,9,0,0,1429777039,0,0,'',1,'student',0,0,1429777039),(7,2,0,'course',5,3,0,0,5,0,0,1429777096,0,0,'',1,'student',0,0,1429777096),(8,4,0,'course',6,4,0,0,7,0,0,1429777121,1,0,'',1,'student',0,0,1429777121),(9,3,0,'course',5,5,0,0,5,0,0,1429777133,0,0,'',1,'student',0,0,1429777133),(10,4,0,'course',4,6,0,0,3,0,0,1429777179,0,0,'',1,'student',0,0,1429777179),(11,1,0,'course',4,7,0,0,7,0,0,1429777202,0,0,'',1,'student',0,0,1429777202),(12,3,0,'course',6,8,0,0,6,0,0,1429777213,0,0,'',1,'student',0,0,1429777213),(13,2,0,'course',4,9,0,0,3,0,0,1429777258,0,0,'',1,'student',0,0,1429777258),(14,2,0,'course',6,10,0,0,0,0,0,1429777317,0,0,'',1,'student',0,0,1429777317),(15,1,0,'course',6,11,0,0,2,0,0,1429777373,0,0,'',1,'student',0,0,1429777373),(16,4,0,'course',7,12,0,0,1,0,0,1429777441,0,0,'',1,'student',0,0,1429777441),(17,3,0,'course',7,13,0,0,1,0,0,1429777453,0,0,'',1,'student',0,0,1429777453),(18,2,0,'course',7,14,0,0,1,0,0,1429777476,0,0,'',1,'student',0,0,1429777476),(19,1,0,'course',7,15,0,0,1,0,0,1429777495,0,0,'',1,'student',0,0,1429777495),(20,4,0,'course',8,16,0,0,1,0,0,1429777535,0,0,'',1,'student',0,0,1429777535),(21,3,0,'course',8,17,0,0,2,0,0,1429777549,0,0,'',1,'student',0,0,1429777549),(22,2,0,'course',8,18,0,0,3,0,0,1429777569,0,0,'',1,'student',0,0,1429777569),(23,1,0,'course',8,19,0,0,2,0,0,1429777585,0,0,'',1,'student',0,0,1429777585),(24,4,0,'course',9,20,0,0,1,0,0,1429777618,0,0,'',1,'student',0,0,1429777618),(25,3,0,'course',9,21,0,0,0,0,0,1429777630,0,0,'',1,'student',0,0,1429777630),(26,2,0,'course',9,22,0,0,1,0,0,1429777644,0,0,'',1,'student',0,0,1429777644),(27,1,0,'course',9,23,0,0,1,0,0,1429777656,0,0,'',1,'student',0,0,1429777656),(28,4,0,'course',10,24,0,0,1,0,0,1429777688,0,0,'',1,'student',0,0,1429777688),(29,3,0,'course',10,25,0,0,1,0,0,1429777702,0,0,'',1,'student',0,0,1429777702),(30,2,0,'course',10,26,0,0,1,0,0,1429777714,0,0,'',1,'student',0,0,1429777714),(31,1,0,'course',10,27,0,0,1,0,0,1429777723,0,0,'',1,'student',0,0,1429777723),(32,1,0,'course',11,28,0,0,0,0,0,1429777749,0,0,'',1,'student',0,0,1429777749),(33,4,0,'course',11,29,0,0,1,0,0,1429777765,0,0,'',1,'student',0,0,1429777765),(34,3,0,'course',11,30,0,0,1,0,0,1429777775,0,0,'',1,'student',0,0,1429777775),(35,2,0,'course',11,31,0,0,1,0,0,1429777789,0,0,'',1,'student',0,0,1429777789),(36,4,0,'course',12,32,0,0,0,0,0,1429777869,0,0,'',1,'student',0,0,1429777869),(37,3,0,'course',12,33,0,0,1,0,0,1429777884,0,0,'',1,'student',0,0,1429777884),(38,2,0,'course',12,34,0,0,1,0,0,1429777898,0,0,'',1,'student',0,0,1429777898),(39,1,0,'course',12,35,0,0,1,0,0,1429777911,0,0,'',1,'student',0,0,1429777911),(40,5,0,'course',1,0,0,0,0,0,0,0,0,0,'',1,'teacher',0,0,1432179555),(41,6,0,'course',1,0,0,0,0,0,0,0,0,0,'',1,'teacher',0,0,1432260324),(42,7,0,'course',1,0,0,0,0,0,0,0,0,0,'',1,'teacher',0,0,1432887979),(43,8,0,'course',1,0,0,0,0,0,0,0,0,0,'',1,'teacher',0,0,1432888238),(44,9,0,'course',1,0,0,0,0,0,0,0,0,0,'',1,'teacher',0,0,1432888289),(45,10,0,'course',1,0,0,0,0,0,0,0,0,0,'',1,'teacher',0,0,1432888692),(46,11,0,'course',1,0,0,0,0,0,0,0,0,0,'',1,'teacher',0,0,1432888820),(47,12,0,'course',1,0,0,0,0,0,0,0,0,0,'',1,'teacher',0,0,1432888980),(48,6,0,'course',9,36,0,0,0,0,0,1433228834,0,0,'',1,'student',0,0,1433228834),(49,6,0,'course',8,37,0,0,0,0,0,1433229186,0,0,'',1,'student',0,0,1433229186),(50,12,0,'course',9,38,0,0,0,0,0,1433229264,0,0,'',1,'student',0,0,1433229264),(51,11,0,'course',9,39,0,0,0,0,0,1433229735,0,0,'',1,'student',0,0,1433229735),(52,10,0,'course',11,40,0,0,0,0,0,1433230136,0,0,'',1,'student',0,0,1433230136),(53,9,0,'course',11,41,0,0,0,0,0,1433230155,0,0,'',1,'student',0,0,1433230155),(54,8,0,'course',11,42,0,0,0,0,0,1433230158,0,0,'',1,'student',0,0,1433230158),(55,7,0,'course',11,43,0,0,0,0,0,1433230161,0,0,'',1,'student',0,0,1433230161),(56,4,0,'course',5,44,0,0,0,0,0,1433991421,0,0,'',1,'student',0,0,1433991421),(57,13,0,'course',1,0,0,0,0,0,0,0,0,0,'',1,'teacher',0,0,1434015826),(58,14,0,'course',1,0,0,0,0,0,0,0,0,0,'',1,'teacher',0,0,1434015826),(59,15,0,'course',1,0,0,0,0,0,0,0,0,0,'',1,'teacher',0,0,1434015826),(60,16,0,'course',1,0,0,0,0,0,0,0,0,0,'',1,'teacher',0,0,1434015840),(61,17,0,'course',1,0,0,0,0,0,0,0,0,0,'',1,'teacher',0,0,1434015840),(62,18,0,'course',1,0,0,0,0,0,0,0,0,0,'',1,'teacher',0,0,1434015840),(65,19,0,'course',1,0,0,0,0,0,0,0,0,0,'',1,'teacher',0,0,1434535059),(66,20,0,'course',1,0,0,0,0,0,0,0,0,0,'',1,'teacher',0,0,1434535070),(67,21,0,'course',1,0,0,0,0,0,0,0,0,0,'',1,'teacher',0,0,1434535070),(68,22,0,'course',1,0,0,0,0,0,0,0,0,0,'',1,'teacher',0,0,1434535145),(69,23,0,'course',1,0,0,0,0,0,0,0,0,0,'',1,'teacher',0,0,1434535150),(70,24,0,'course',1,0,0,0,0,0,0,0,0,0,'',1,'teacher',0,0,1434535206),(71,25,0,'course',1,0,0,0,0,0,0,0,0,0,'',1,'teacher',0,0,1434535206),(72,26,0,'course',1,0,0,0,0,0,0,0,0,0,'',1,'teacher',0,0,1434535206),(73,27,0,'course',1,0,0,0,0,0,0,0,0,0,'',1,'teacher',0,0,1434535206),(74,28,0,'course',1,0,0,0,0,0,0,0,0,0,'',1,'teacher',0,0,1434535220),(75,29,0,'course',1,0,0,0,0,0,0,0,0,0,'',1,'teacher',0,0,1434535220),(76,30,0,'course',1,0,0,0,0,0,0,0,0,0,'',1,'teacher',0,0,1434535309),(77,24,4,'classroom',5,0,0,0,1,0,0,0,1,0,'',1,'student',0,0,1435647404),(78,6,0,'course',5,45,0,0,10,0,0,1435647435,1,0,'',1,'student',0,0,1435647435),(79,28,4,'classroom',5,0,0,0,10,0,0,0,1,0,'',1,'student',0,0,1435647498),(80,28,4,'classroom',10,46,0,0,0,0,0,0,0,0,'',1,'student',0,0,1435654717),(81,25,4,'classroom',10,46,0,0,0,0,0,0,0,0,'',1,'student',0,0,1435654717),(82,26,4,'classroom',10,46,0,0,0,0,0,0,0,0,'',1,'student',0,0,1435654717),(83,27,4,'classroom',10,46,0,0,0,0,0,0,0,0,'',1,'student',0,0,1435654717),(84,29,4,'classroom',10,46,0,0,0,0,0,0,0,0,'',1,'student',0,0,1435654717),(85,24,4,'classroom',10,46,0,0,0,0,0,0,0,0,'',1,'student',0,0,1435654717),(86,28,4,'classroom',11,47,0,0,0,0,0,0,0,0,'',1,'student',0,0,1435654733),(87,25,4,'classroom',11,47,0,0,0,0,0,0,0,0,'',1,'student',0,0,1435654733),(88,26,4,'classroom',11,47,0,0,0,0,0,0,0,0,'',1,'student',0,0,1435654733),(89,27,4,'classroom',11,47,0,0,0,0,0,0,0,0,'',1,'student',0,0,1435654733),(90,29,4,'classroom',11,47,0,0,0,0,0,0,0,0,'',1,'student',0,0,1435654733),(91,24,4,'classroom',11,47,0,0,0,0,0,0,0,0,'',1,'student',0,0,1435654733),(92,28,4,'classroom',7,48,0,0,0,0,0,0,0,0,'',1,'student',0,0,1435654749),(93,25,4,'classroom',7,48,0,0,0,0,0,0,0,0,'',1,'student',0,0,1435654749),(94,26,4,'classroom',7,48,0,0,0,0,0,0,0,0,'',1,'student',0,0,1435654749),(95,27,4,'classroom',7,48,0,0,0,0,0,0,0,0,'',1,'student',0,0,1435654749),(96,29,4,'classroom',7,48,0,0,0,0,0,0,0,0,'',1,'student',0,0,1435654749),(97,24,4,'classroom',7,48,0,0,0,0,0,0,0,0,'',1,'student',0,0,1435654749),(98,28,4,'classroom',12,49,0,0,0,0,0,0,0,0,'',1,'student',0,0,1435654760),(99,25,4,'classroom',12,49,0,0,0,0,0,0,0,0,'',1,'student',0,0,1435654760),(100,26,4,'classroom',12,49,0,0,0,0,0,0,0,0,'',1,'student',0,0,1435654760),(101,27,4,'classroom',12,49,0,0,0,0,0,0,0,0,'',1,'student',0,0,1435654760),(102,29,4,'classroom',12,49,0,0,0,0,0,0,0,0,'',1,'student',0,0,1435654760),(103,24,4,'classroom',12,49,0,0,0,0,0,0,0,0,'',1,'student',0,0,1435654760),(104,7,0,'course',13,50,0,0,0,0,0,1458089989,0,0,'',1,'student',0,0,1458089989);
INSERT INTO `course_note` (`id`, `userId`, `courseId`, `lessonId`, `content`, `length`, `likeNum`, `status`, `createdTime`, `updatedTime`) VALUES (1,1,4,43,'<p>网校后台入口，点击顶部昵称就知道啰~</p>',18,0,1,1432890229,1432890250),(2,1,2,30,'<p>如何登陆网校后台？</p>\n\n<p>后台地址：网站首页地址后加  /admin</p>\n\n<p>或者点击你的昵称，点击【管理后台】</p>',51,0,1,1433993369,1433993429);
INSERT INTO `course_thread` (`id`, `courseId`, `lessonId`, `userId`, `type`, `isStick`, `isElite`, `isClosed`, `private`, `title`, `content`, `postNum`, `hitNum`, `followNum`, `latestPostUserId`, `latestPostTime`, `createdTime`, `updatedTime`) VALUES (1,2,0,1,'discussion',0,0,0,0,'各位同学，最近有没有什么学习活动啊？','<p>刚刚接触这个网站，看大家都很活跃，聊得很开心，最近有没有什么活动啊，想快点儿融入大家。</p>',0,1,0,1,1432803828,1432803828,1432803828),(2,2,0,1,'question',0,0,0,0,'学员可以在网校做哪些操作呢？','<p>有什么学习功能？</p>',0,1,0,1,1432803977,1432803977,1432803977),(3,4,43,1,'question',0,0,0,0,'我可以给网校添加用户吗？','<p>终于建好了网站，学员有地方学习啦~   如何能把学员拉到这个网校呢？</p>',0,0,0,1,1432890143,1432890143,1432890143),(4,6,63,9,'question',0,0,0,0,'为什么看视频会卡？','<p>因为你现在使用的是本地视频，所以受限于你资金的服务器带宽，如现在播放的高清视频需要你这提供4M的带宽。</p>\n\n<p>如果流程的体验，请购买我们的教育云。</p>',0,5,0,9,1433229565,1433229565,1433229565),(5,6,0,1,'discussion',0,0,0,0,'班级和课程的区别是什么？','<p><span style=\"color:rgb(0,0,0);\">班级和课程相比较，班级是体系化结构化的课程，而且除了课程还引入了交流互动的其他功能和元素。</span></p>',0,1,0,1,1433992295,1433992295,1433992295),(6,1,4,1,'question',0,0,0,0,'创建的课程不可以删除吗？','<p><span style=\"color:rgb(102,102,102);\">目前在系统中，已发布的课程不能删除，未发布的课程可以删除。我们知道此设置带来的不便，这是班级功能发布之后出于系统的稳定性考虑做的决定，后期可能会进行调整。</span></p>',0,0,0,1,1434009775,1434009775,1434009775);
INSERT INTO `crontab_job` (`id`, `name`, `cycle`, `cycleTime`, `jobClass`, `jobParams`, `targetType`, `targetId`, `executing`, `nextExcutedTime`, `latestExecutedTime`, `creatorId`, `createdTime`) VALUES (3,'CancelOrderJob','everyhour','0','Topxia\\Service\\Order\\Job\\CancelOrderJob','','',0,0,1459147590,1459143990,0,0),(4,'DeleteExpiredTokenJob','everyhour','0','Topxia\\Service\\User\\Job\\DeleteExpiredTokenJob','','',0,0,1459145553,1459141953,0,0);
INSERT INTO `file` (`id`, `groupId`, `userId`, `uri`, `mime`, `size`, `status`, `createdTime`) VALUES (4,4,1,'http://edusoho-demo.b0.upaiyun.com/files/user/2015/04-23/1822411bfe8e903668.png','',13000,0,1429784561),(5,3,1,'http://edusoho-demo.b0.upaiyun.com/files/course/2015/04-27/145026245a16817759.png','',41444,0,1430117426),(6,3,1,'http://edusoho-demo.b0.upaiyun.com/files/course/2015/04-27/152500cab322678688.png','',37775,0,1430119500),(7,3,1,'http://edusoho-demo.b0.upaiyun.com/files/course/2015/04-27/152519f69207169612.png','',60116,0,1430119519),(9,1,1,'http://edusoho-demo.b0.upaiyun.com/files/default/2015/05-21/095527f7479d646349.jpg','',24991,0,1432173327),(10,1,1,'http://edusoho-demo.b0.upaiyun.com/files/default/2015/05-21/095527f76530491519.jpg','',12431,0,1432173327),(11,1,1,'http://edusoho-demo.b0.upaiyun.com/files/default/2015/05-21/095527f7ad4f658142.jpg','',2752,0,1432173327),(12,3,1,'http://edusoho-demo.b0.upaiyun.com/files/course/2015/05-21/101254628690147158.png','',113564,0,1432174374),(18,1,1,'http://edusoho-demo.b0.upaiyun.com/files/default/2015/05-21/10215421d609090185.jpg','',31203,0,1432174914),(19,1,1,'http://edusoho-demo.b0.upaiyun.com/files/default/2015/05-21/10215421f4b2348349.jpg','',15696,0,1432174914),(20,1,1,'http://edusoho-demo.b0.upaiyun.com/files/default/2015/05-21/102154220e7b489424.jpg','',3092,0,1432174914),(26,1,1,'http://edusoho-demo.b0.upaiyun.com/files/default/2015/05-21/102746228ebd740228.jpg','',30489,0,1432175266),(27,1,1,'http://edusoho-demo.b0.upaiyun.com/files/default/2015/05-21/10274622d419386856.jpg','',12778,0,1432175266),(28,1,1,'http://edusoho-demo.b0.upaiyun.com/files/default/2015/05-21/1027462309ef791029.jpg','',2276,0,1432175266),(33,3,1,'http://edusoho-demo.b0.upaiyun.com/files/course/2015/05-21/103645de546c899924.png','',210137,0,1432175805),(34,3,1,'http://edusoho-demo.b0.upaiyun.com/files/course/2015/05-21/103700ce39f0110502.png','',32029,0,1432175820),(35,3,1,'http://edusoho-demo.b0.upaiyun.com/files/course/2015/05-21/103852c821c5977058.png','',20513,0,1432175932),(37,8,1,'http://edusoho-demo.b0.upaiyun.com/files/system/2015/05-21/11034625b4d4503380.png','',3489,0,1432177426),(38,8,1,'http://edusoho-demo.b0.upaiyun.com/files/system/2015/05-21/11073249a7a2446115.png','',3463,0,1432177652),(39,8,1,'http://edusoho-demo.b0.upaiyun.com/files/system/2015/05-21/110757da787a151906.png','',24458,0,1432177677),(40,8,1,'http://edusoho-demo.b0.upaiyun.com/files/system/2015/05-21/111747ba7fa0914174.png','',3431,0,1432178267),(41,3,1,'http://edusoho-demo.b0.upaiyun.com/files/course/2015/05-21/112203b30502438572.png','',17691,0,1432178523),(42,3,1,'http://edusoho-demo.b0.upaiyun.com/files/course/2015/05-21/113629d028c3557482.png','',26476,0,1432179389),(43,3,1,'http://edusoho-demo.b0.upaiyun.com/files/course/2015/05-21/11372998b3fa411691.png','',17758,0,1432179449),(44,3,1,'http://edusoho-demo.b0.upaiyun.com/files/course/2015/05-21/12112193b858943220.png','',9439,0,1432181481),(45,3,1,'http://edusoho-demo.b0.upaiyun.com/files/course/2015/05-21/1211313bae9f070130.png','',38265,0,1432181491),(46,3,1,'http://edusoho-demo.b0.upaiyun.com/files/course/2015/05-21/1334499e7855648125.png','',43744,0,1432186489),(47,3,1,'http://edusoho-demo.b0.upaiyun.com/files/course/2015/05-21/13350590b7ea092692.png','',16625,0,1432186505),(48,3,1,'http://edusoho-demo.b0.upaiyun.com/files/course/2015/05-21/1335175857ca895182.png','',32597,0,1432186517),(49,3,1,'http://edusoho-demo.b0.upaiyun.com/files/course/2015/05-21/1335357d6c2b115832.png','',31973,0,1432186535),(50,3,1,'http://edusoho-demo.b0.upaiyun.com/files/course/2015/05-21/133558e6e7e8429929.png','',41223,0,1432186558),(51,3,1,'http://edusoho-demo.b0.upaiyun.com/files/course/2015/05-21/133611b682c8245585.png','',25218,0,1432186571),(52,3,1,'http://edusoho-demo.b0.upaiyun.com/files/course/2015/05-21/133626a237c8252564.png','',29676,0,1432186586),(53,3,1,'http://edusoho-demo.b0.upaiyun.com/files/course/2015/05-21/1336502ee281496585.png','',27438,0,1432186610),(54,3,1,'http://edusoho-demo.b0.upaiyun.com/files/course/2015/05-21/133703fad740539866.png','',28775,0,1432186623),(55,3,1,'http://edusoho-demo.b0.upaiyun.com/files/course/2015/05-21/133835bb39e4747772.png','',32750,0,1432186715),(56,3,1,'http://edusoho-demo.b0.upaiyun.com/files/course/2015/05-21/1338477d8a64324713.png','',31481,0,1432186727),(57,3,1,'http://edusoho-demo.b0.upaiyun.com/files/course/2015/05-21/133911f8c3bd031105.png','',37240,0,1432186751),(58,3,1,'http://edusoho-demo.b0.upaiyun.com/files/course/2015/05-21/133922a6fdb4544839.png','',54611,0,1432186762),(59,3,1,'http://edusoho-demo.b0.upaiyun.com/files/course/2015/05-21/142623f895e7521063.png','',17300,0,1432189583),(60,3,1,'http://edusoho-demo.b0.upaiyun.com/files/course/2015/05-21/142639fd4122087758.png','',22277,0,1432189599),(61,3,1,'http://edusoho-demo.b0.upaiyun.com/files/course/2015/05-21/1427048d9ab0418175.png','',21108,0,1432189624),(62,3,1,'http://edusoho-demo.b0.upaiyun.com/files/course/2015/05-21/1427164988ca797439.png','',14927,0,1432189636),(63,3,1,'http://edusoho-demo.b0.upaiyun.com/files/course/2015/05-21/1427506315c1057531.png','',11884,0,1432189670),(64,3,1,'http://edusoho-demo.b0.upaiyun.com/files/course/2015/05-21/144423719c39509607.png','',67006,0,1432190663),(65,3,1,'http://edusoho-demo.b0.upaiyun.com/files/course/2015/05-21/144439799113709821.png','',38938,0,1432190679),(66,3,1,'http://edusoho-demo.b0.upaiyun.com/files/course/2015/05-21/1444535a1001012185.png','',17652,0,1432190693),(67,3,1,'http://edusoho-demo.b0.upaiyun.com/files/course/2015/05-21/1445062159b3226028.png','',101021,0,1432190706),(68,3,1,'http://edusoho-demo.b0.upaiyun.com/files/course/2015/05-21/144516c0f506880236.png','',88398,0,1432190716),(73,3,1,'http://edusoho-demo.b0.upaiyun.com/files/course/2015/05-21/144650aee0fc173680.png','',99651,0,1432190810),(74,3,1,'http://edusoho-demo.b0.upaiyun.com/files/course/2015/05-21/1449597b1980825573.png','',117205,0,1432190999),(75,3,1,'http://edusoho-demo.b0.upaiyun.com/files/course/2015/05-21/1452408d6df5070154.png','',51334,0,1432191160),(76,3,1,'http://edusoho-demo.b0.upaiyun.com/files/course/2015/05-21/14524802d98e123671.png','',52755,0,1432191168),(77,3,1,'http://edusoho-demo.b0.upaiyun.com/files/course/2015/05-21/150339bf24b5401468.png','',14861,0,1432191819),(78,3,1,'http://edusoho-demo.b0.upaiyun.com/files/course/2015/05-21/151230e3e949913204.png','',14861,0,1432192350),(79,3,1,'http://edusoho-demo.b0.upaiyun.com/files/course/2015/05-21/151332c8eaff461345.png','',12437,0,1432192412),(80,3,1,'http://edusoho-demo.b0.upaiyun.com/files/course/2015/05-21/1515440ccee8808646.png','',9891,0,1432192544),(81,3,1,'http://edusoho-demo.b0.upaiyun.com/files/course/2015/05-21/151753135fcc009716.png','',49746,0,1432192673),(82,3,1,'http://edusoho-demo.b0.upaiyun.com/files/course/2015/05-21/151955b86d67669422.png','',60982,0,1432192795),(83,3,1,'http://edusoho-demo.b0.upaiyun.com/files/course/2015/05-21/1520088845b6907484.png','',16977,0,1432192808),(84,3,1,'http://edusoho-demo.b0.upaiyun.com/files/course/2015/05-21/1520204d504a159330.png','',10174,0,1432192820),(85,3,1,'http://edusoho-demo.b0.upaiyun.com/files/course/2015/05-21/15203203329c701862.png','',9197,0,1432192832),(86,3,1,'http://edusoho-demo.b0.upaiyun.com/files/course/2015/05-21/152047f4a34d653941.png','',20038,0,1432192847),(87,3,1,'http://edusoho-demo.b0.upaiyun.com/files/course/2015/05-21/152100c491bd688098.png','',21521,0,1432192860),(88,3,1,'http://edusoho-demo.b0.upaiyun.com/files/course/2015/05-21/152116ca256e121204.png','',14876,0,1432192876),(89,3,1,'http://edusoho-demo.b0.upaiyun.com/files/course/2015/05-21/152131bdb49f361052.png','',21254,0,1432192891),(90,3,1,'http://edusoho-demo.b0.upaiyun.com/files/course/2015/05-21/152708c30860527997.png','',41390,0,1432193228),(91,3,1,'http://edusoho-demo.b0.upaiyun.com/files/course/2015/05-21/154532c74604853891.png','',108728,0,1432194332),(92,3,1,'http://edusoho-demo.b0.upaiyun.com/files/course/2015/05-21/154643372c0c483469.png','',67273,0,1432194403),(93,3,1,'http://edusoho-demo.b0.upaiyun.com/files/course/2015/05-21/154711fdd54c583833.png','',39895,0,1432194431),(94,3,1,'http://edusoho-demo.b0.upaiyun.com/files/course/2015/05-21/154725da1709741018.png','',65955,0,1432194445),(95,3,1,'http://edusoho-demo.b0.upaiyun.com/files/course/2015/05-21/1548408a2282246393.png','',50018,0,1432194520),(96,3,1,'http://edusoho-demo.b0.upaiyun.com/files/course/2015/05-21/154854682bce529851.png','',53087,0,1432194534),(97,3,1,'http://edusoho-demo.b0.upaiyun.com/files/course/2015/05-21/155902647390824559.png','',57117,0,1432195142),(98,3,1,'http://edusoho-demo.b0.upaiyun.com/files/course/2015/05-21/16043314ae0b412661.png','',66599,0,1432195473),(99,3,1,'http://edusoho-demo.b0.upaiyun.com/files/course/2015/05-21/1604491745e0148957.png','',121689,0,1432195489),(100,3,1,'http://edusoho-demo.b0.upaiyun.com/files/course/2015/05-21/160503f41025103555.png','',66231,0,1432195503),(101,3,1,'http://edusoho-demo.b0.upaiyun.com/files/course/2015/05-21/161834a27581017496.png','',31718,0,1432196314),(102,3,1,'http://edusoho-demo.b0.upaiyun.com/files/course/2015/05-21/1618444605b5626471.png','',67588,0,1432196324),(103,3,1,'http://edusoho-demo.b0.upaiyun.com/files/course/2015/05-21/161856016853776905.png','',39393,0,1432196336),(104,3,1,'http://edusoho-demo.b0.upaiyun.com/files/course/2015/05-21/162047f9658d100424.png','',52235,0,1432196447),(105,3,1,'http://edusoho-demo.b0.upaiyun.com/files/course/2015/05-21/16374048f161608774.png','',52855,0,1432197460),(106,3,1,'http://edusoho-demo.b0.upaiyun.com/files/course/2015/05-21/163800899dc6411979.png','',31718,0,1432197480),(107,3,1,'http://edusoho-demo.b0.upaiyun.com/files/course/2015/05-21/163813515040350699.png','',55025,0,1432197493),(108,3,1,'http://edusoho-demo.b0.upaiyun.com/files/course/2015/05-21/1640171900f3327569.png','',90496,0,1432197617),(109,3,1,'http://edusoho-demo.b0.upaiyun.com/files/course/2015/05-21/164027b9bba0819387.png','',90755,0,1432197627),(110,3,1,'http://edusoho-demo.b0.upaiyun.com/files/course/2015/05-21/164634a171eb207663.png','',92570,0,1432197994),(111,3,1,'http://edusoho-demo.b0.upaiyun.com/files/course/2015/05-21/164739b68588042656.png','',54528,0,1432198059),(112,3,1,'http://edusoho-demo.b0.upaiyun.com/files/course/2015/05-21/16475280fcf4760619.png','',12957,0,1432198072),(113,3,1,'http://edusoho-demo.b0.upaiyun.com/files/course/2015/05-21/1648044de32e407308.png','',12957,0,1432198084),(114,3,1,'http://edusoho-demo.b0.upaiyun.com/files/course/2015/05-21/164828ca82bc284788.png','',63946,0,1432198108),(115,3,1,'http://edusoho-demo.b0.upaiyun.com/files/course/2015/05-21/164847f2f465032301.png','',20898,0,1432198127),(116,3,1,'http://edusoho-demo.b0.upaiyun.com/files/course/2015/05-21/164858a1c69d011549.png','',12957,0,1432198138),(117,3,1,'http://edusoho-demo.b0.upaiyun.com/files/course/2015/05-21/1649117b55ed289065.png','',63946,0,1432198151),(118,3,1,'http://edusoho-demo.b0.upaiyun.com/files/course/2015/05-21/1649233bb1b6219959.png','',16192,0,1432198163),(119,3,1,'http://edusoho-demo.b0.upaiyun.com/files/course/2015/05-21/164935f3b0d2629584.png','',15787,0,1432198175),(120,3,1,'http://edusoho-demo.b0.upaiyun.com/files/course/2015/05-21/164945945b45976340.png','',15080,0,1432198185),(121,3,1,'http://edusoho-demo.b0.upaiyun.com/files/course/2015/05-21/16495971bcef356636.png','',17689,0,1432198199),(122,3,1,'http://edusoho-demo.b0.upaiyun.com/files/course/2015/05-21/1650179268d0177296.png','',15986,0,1432198217),(123,3,1,'http://edusoho-demo.b0.upaiyun.com/files/course/2015/05-21/165031771d7e863636.png','',34100,0,1432198231),(124,1,1,'http://edusoho-demo.b0.upaiyun.com/files/default/2015/05-21/185046626318571478.png','',17029,0,1432205446),(125,1,1,'http://edusoho-demo.b0.upaiyun.com/files/default/2015/05-21/185603334001279571.png','',28871,0,1432205763),(126,1,1,'http://edusoho-demo.b0.upaiyun.com/files/default/2015/05-21/190042a59170215477.png','',18194,0,1432206042),(127,1,1,'http://edusoho-demo.b0.upaiyun.com/files/default/2015/05-21/190338a496d1012632.png','',12865,0,1432206218),(128,1,1,'http://edusoho-demo.b0.upaiyun.com/files/default/2015/05-21/190606e25c65047672.png','',17683,0,1432206366),(129,1,1,'http://edusoho-demo.b0.upaiyun.com/files/default/2015/05-21/1908160f21f8666283.png','',8982,0,1432206496),(130,1,1,'http://edusoho-demo.b0.upaiyun.com/files/default/2015/05-21/191711749a1c896229.png','',77893,0,1432207031),(131,1,1,'http://edusoho-demo.b0.upaiyun.com/files/default/2015/05-21/1917277b6fae269087.png','',77893,0,1432207047),(132,1,1,'http://edusoho-demo.b0.upaiyun.com/files/default/2015/05-21/1928557d6c3a688479.png','',95068,0,1432207735),(133,1,1,'http://edusoho-demo.b0.upaiyun.com/files/default/2015/05-21/194626219a27293523.png','',8729,0,1432208786),(134,1,1,'http://edusoho-demo.b0.upaiyun.com/files/default/2015/05-21/1946455e167c784007.png','',15588,0,1432208805),(135,1,1,'http://edusoho-demo.b0.upaiyun.com/files/default/2015/05-21/200503f1dd76083809.png','',45633,0,1432209903),(136,1,1,'http://edusoho-demo.b0.upaiyun.com/files/default/2015/05-21/200516cc76a1880113.png','',54530,0,1432209916),(137,1,1,'http://edusoho-demo.b0.upaiyun.com/files/default/2015/05-21/200528856998580417.png','',141065,0,1432209928),(138,1,1,'http://edusoho-demo.b0.upaiyun.com/files/default/2015/05-21/20095537570a299802.png','',14235,0,1432210195),(139,1,1,'http://edusoho-demo.b0.upaiyun.com/files/default/2015/05-21/2021051688b6814367.png','',12455,0,1432210865),(140,3,1,'http://edusoho-demo.b0.upaiyun.com/files/course/2015/05-21/202534ea3f45948410.png','',15420,0,1432211134),(141,3,1,'http://edusoho-demo.b0.upaiyun.com/files/course/2015/05-21/202546aced00055525.png','',11879,0,1432211146),(142,3,1,'http://edusoho-demo.b0.upaiyun.com/files/course/2015/05-21/202559762a67597273.png','',17726,0,1432211159),(143,3,1,'http://edusoho-demo.b0.upaiyun.com/files/course/2015/05-21/2028044173ac864176.png','',9073,0,1432211284),(144,3,1,'http://edusoho-demo.b0.upaiyun.com/files/course/2015/05-21/202814e92619215040.png','',113636,0,1432211294),(145,3,1,'http://edusoho-demo.b0.upaiyun.com/files/course/2015/05-21/2028248ce69b744674.png','',67819,0,1432211304),(155,1,1,'http://edusoho-demo.b0.upaiyun.com/files/default/2015/05-22/091804c26f1a094602.png','',40307,0,1432257484),(156,1,1,'http://edusoho-demo.b0.upaiyun.com/files/default/2015/05-22/091804c289f7112104.png','',14675,0,1432257484),(157,1,1,'http://edusoho-demo.b0.upaiyun.com/files/default/2015/05-22/091804c2a105122366.png','',2588,0,1432257484),(166,1,1,'http://edusoho-demo.b0.upaiyun.com/files/default/2015/05-22/1016099e2eb5843538.jpg','',61483,0,1432260969),(167,1,1,'http://edusoho-demo.b0.upaiyun.com/files/default/2015/05-22/1119059ab5c8760755.png','',13135,0,1432264745),(168,1,1,'http://edusoho-demo.b0.upaiyun.com/files/default/2015/05-22/1127346ef0cc180145.png','',20761,0,1432265254),(169,1,1,'http://edusoho-demo.b0.upaiyun.com/files/default/2015/05-22/11504228be67930584.jpg','',61920,0,1432266642),(170,8,1,'http://edusoho-demo.b0.upaiyun.com/files/system/2015/05-22/120138204892149905.png','',4648,0,1432267298),(171,8,1,'http://edusoho-demo.b0.upaiyun.com/files/system/2015/05-22/1204320c62d0963517.png','',3431,0,1432267472),(237,1,1,'http://edusoho-demo.b0.upaiyun.com/files/default/2015/05-22/154902e67253351649.jpg','',13038,0,1432280942),(238,1,1,'http://edusoho-demo.b0.upaiyun.com/files/default/2015/05-22/154902e69368600907.jpg','',5668,0,1432280942),(239,1,1,'http://edusoho-demo.b0.upaiyun.com/files/default/2015/05-22/154902e6aa2a528428.jpg','',1822,0,1432280942),(249,1,1,'http://edusoho-demo.b0.upaiyun.com/files/default/2015/05-22/155036c81c6c142598.jpg','',8302,0,1432281036),(250,1,1,'http://edusoho-demo.b0.upaiyun.com/files/default/2015/05-22/155036c83f9d365328.jpg','',4053,0,1432281036),(251,1,1,'http://edusoho-demo.b0.upaiyun.com/files/default/2015/05-22/155036c856ed291915.jpg','',1504,0,1432281036),(253,1,1,'http://edusoho-demo.b0.upaiyun.com/files/default/2015/05-22/1615302f1482848766.JPG','',12451,0,1432282530),(254,1,1,'http://edusoho-demo.b0.upaiyun.com/files/default/2015/05-22/1615302f373c627234.JPG','',6001,0,1432282530),(255,1,1,'http://edusoho-demo.b0.upaiyun.com/files/default/2015/05-22/161531300d28766435.JPG','',1881,0,1432282531),(257,1,1,'http://edusoho-demo.b0.upaiyun.com/files/default/2015/05-22/161605514826925213.JPG','',8269,0,1432282565),(258,1,1,'http://edusoho-demo.b0.upaiyun.com/files/default/2015/05-22/161605516ca2680139.JPG','',4074,0,1432282565),(259,1,1,'http://edusoho-demo.b0.upaiyun.com/files/default/2015/05-22/161605518140577661.JPG','',1484,0,1432282565),(260,3,1,'http://edusoho-demo.b0.upaiyun.com/files/course/2015/05-25/0941073253dc672721.png','',685777,0,1432518067),(261,3,1,'http://edusoho-demo.b0.upaiyun.com/files/course/2015/05-25/094413d21efb003931.png','',48557,0,1432518253),(262,3,1,'http://edusoho-demo.b0.upaiyun.com/files/course/2015/05-25/094725dc7cc5429574.png','',24967,0,1432518445),(263,1,1,'http://edusoho-demo.b0.upaiyun.com/files/default/2015/05-25/09552915db8a548037.png','',685777,0,1432518929),(265,1,1,'http://edusoho-demo.b0.upaiyun.com/files/default/2015/05-26/09245240ec3e065465.jpg','',11366,0,1432603492),(266,1,1,'http://edusoho-demo.b0.upaiyun.com/files/default/2015/05-26/092452411ba8766039.jpg','',5233,0,1432603492),(267,1,1,'http://edusoho-demo.b0.upaiyun.com/files/default/2015/05-26/092452412686550786.jpg','',1811,0,1432603492),(269,1,1,'http://edusoho-demo.b0.upaiyun.com/files/default/2015/05-26/0925404c1edf830816.jpeg','',12051,0,1432603540),(270,1,1,'http://edusoho-demo.b0.upaiyun.com/files/default/2015/05-26/0925404c48fb567944.jpeg','',5783,0,1432603540),(271,1,1,'http://edusoho-demo.b0.upaiyun.com/files/default/2015/05-26/0925404c5440489293.jpeg','',1853,0,1432603540),(273,1,1,'http://edusoho-demo.b0.upaiyun.com/files/default/2015/05-26/0928215b4d83781058.jpg','',10125,0,1432603701),(274,1,1,'http://edusoho-demo.b0.upaiyun.com/files/default/2015/05-26/0928215b7b8d928944.jpg','',4776,0,1432603701),(275,1,1,'http://edusoho-demo.b0.upaiyun.com/files/default/2015/05-26/0928215b86cf209946.jpg','',1531,0,1432603701),(277,1,1,'http://edusoho-demo.b0.upaiyun.com/files/default/2015/05-26/092913959abb472674.jpg','',18952,0,1432603753),(278,1,1,'http://edusoho-demo.b0.upaiyun.com/files/default/2015/05-26/09291395d25a265618.jpg','',7805,0,1432603753),(279,1,1,'http://edusoho-demo.b0.upaiyun.com/files/default/2015/05-26/09291395e01e087438.jpg','',2032,0,1432603753),(280,3,1,'http://edusoho-demo.b0.upaiyun.com/files/course/2015/05-28/091158ea8009588308.png','',67699,0,1432775518),(281,3,1,'http://edusoho-demo.b0.upaiyun.com/files/course/2015/05-28/0912099b0b56629559.png','',71402,0,1432775529),(282,3,1,'http://edusoho-demo.b0.upaiyun.com/files/course/2015/05-28/091224807ee1130605.png','',12240,0,1432775544),(283,3,1,'http://edusoho-demo.b0.upaiyun.com/files/course/2015/05-28/091235396e91431063.png','',80587,0,1432775555),(284,3,1,'http://edusoho-demo.b0.upaiyun.com/files/course/2015/05-28/091245d46186748551.png','',20676,0,1432775565),(285,3,1,'http://edusoho-demo.b0.upaiyun.com/files/course/2015/05-28/0916044d73a7682944.png','',12598,0,1432775764),(286,3,1,'http://edusoho-demo.b0.upaiyun.com/files/course/2015/05-28/09161716c22d167617.png','',49718,0,1432775777),(287,3,1,'http://edusoho-demo.b0.upaiyun.com/files/course/2015/05-28/091629d7a252213018.png','',18525,0,1432775789),(288,3,1,'http://edusoho-demo.b0.upaiyun.com/files/course/2015/05-28/095718e86c6b279657.png','',124356,0,1432778238),(289,3,1,'http://edusoho-demo.b0.upaiyun.com/files/course/2015/05-28/09581244501c486793.png','',30278,0,1432778292),(290,3,1,'http://edusoho-demo.b0.upaiyun.com/files/course/2015/05-28/103835b240ef836441.png','',10852,0,1432780715),(291,3,1,'http://edusoho-demo.b0.upaiyun.com/files/course/2015/05-28/1040259086bd159453.png','',14254,0,1432780825),(292,3,1,'http://edusoho-demo.b0.upaiyun.com/files/course/2015/05-28/1235219a3ad9953159.png','',14134,0,1432787721),(293,3,1,'http://edusoho-demo.b0.upaiyun.com/files/course/2015/05-28/123656867bf4190829.png','',53024,0,1432787816),(294,3,1,'http://edusoho-demo.b0.upaiyun.com/files/course/2015/05-28/12390597daa5221360.png','',187158,0,1432787945),(295,3,1,'http://edusoho-demo.b0.upaiyun.com/files/course/2015/05-28/124203b44660025194.png','',54857,0,1432788123),(296,3,1,'http://edusoho-demo.b0.upaiyun.com/files/course/2015/05-28/12445356558d236848.png','',10834,0,1432788293),(297,3,1,'http://edusoho-demo.b0.upaiyun.com/files/course/2015/05-28/124655f2f2e8083566.png','',53631,0,1432788415),(298,3,1,'http://edusoho-demo.b0.upaiyun.com/files/course/2015/05-28/1247495d1f97924731.png','',46940,0,1432788469),(299,3,1,'http://edusoho-demo.b0.upaiyun.com/files/course/2015/05-28/124800026bc6647813.png','',21582,0,1432788480),(300,3,1,'http://edusoho-demo.b0.upaiyun.com/files/course/2015/05-28/1248557429aa699257.png','',17988,0,1432788535),(301,3,1,'http://edusoho-demo.b0.upaiyun.com/files/course/2015/05-28/124930a84ccd878272.png','',35486,0,1432788570),(302,3,1,'http://edusoho-demo.b0.upaiyun.com/files/course/2015/05-28/140628454065956797.png','',17858,0,1432793188),(303,3,1,'http://edusoho-demo.b0.upaiyun.com/files/course/2015/05-28/1410455892c8230504.png','',261830,0,1432793445),(304,3,1,'http://edusoho-demo.b0.upaiyun.com/files/course/2015/05-28/153133563a2b226082.png','',17858,0,1432798293),(305,3,1,'http://edusoho-demo.b0.upaiyun.com/files/course/2015/05-28/153148469b3c712101.png','',261830,0,1432798308),(306,3,1,'http://edusoho-demo.b0.upaiyun.com/files/course/2015/05-28/164634a1caaa780508.png','',757551,0,1432802794),(307,3,1,'http://edusoho-demo.b0.upaiyun.com/files/course/2015/05-28/164711f441af118220.png','',656228,0,1432802831),(308,3,1,'http://edusoho-demo.b0.upaiyun.com/files/course/2015/05-28/1647451b21c1800272.png','',776814,0,1432802865),(309,3,1,'http://edusoho-demo.b0.upaiyun.com/files/course/2015/05-28/171100445c6e299854.png','',142126,0,1432804260),(319,1,1,'http://edusoho-demo.b0.upaiyun.com/files/default/2015/05-29/1635186228f1588381.jpg','',26427,0,1432888518),(320,1,1,'http://edusoho-demo.b0.upaiyun.com/files/default/2015/05-29/163518625788981698.jpg','',14241,0,1432888518),(321,1,1,'http://edusoho-demo.b0.upaiyun.com/files/default/2015/05-29/163518626554675382.jpg','',3084,0,1432888518),(323,1,1,'http://edusoho-demo.b0.upaiyun.com/files/default/2015/05-29/163847766245344959.jpg','',26568,0,1432888727),(324,1,1,'http://edusoho-demo.b0.upaiyun.com/files/default/2015/05-29/16384776bced159311.jpg','',11952,0,1432888727),(325,1,1,'http://edusoho-demo.b0.upaiyun.com/files/default/2015/05-29/16384776c9c5799600.jpg','',2506,0,1432888727),(330,7,1,'http://edusoho-demo.b0.upaiyun.com/files/tmp/2015/05-29/164326ec8a82135617.jpg','',44478,0,1432889006),(335,3,1,'http://edusoho-demo.b0.upaiyun.com/files/course/2015/05-29/1700088e89da760249.png','',380812,0,1432890008),(336,3,1,'http://edusoho-demo.b0.upaiyun.com/files/course/2015/05-29/170819396f51596854.png','',23391,0,1432890499),(337,3,1,'http://edusoho-demo.b0.upaiyun.com/files/course/2015/05-29/17120556a695894714.png','',17759,0,1432890725),(338,3,1,'http://edusoho-demo.b0.upaiyun.com/files/course/2015/05-29/17122043fe56857114.png','',24286,0,1432890740),(339,3,1,'http://edusoho-demo.b0.upaiyun.com/files/course/2015/05-29/172114a7d189545753.png','',26200,0,1432891274),(340,3,1,'http://edusoho-demo.b0.upaiyun.com/files/course/2015/05-29/1756171d46db388258.png','',53840,0,1432893377),(341,3,1,'http://edusoho-demo.b0.upaiyun.com/files/course/2015/05-29/175627b07899688941.png','',109809,0,1432893387),(342,3,1,'http://edusoho-demo.b0.upaiyun.com/files/course/2015/05-29/1758499e9e0c436032.png','',19402,0,1432893529),(343,3,1,'http://edusoho-demo.b0.upaiyun.com/files/course/2015/05-29/180145979783491038.png','',190262,0,1432893705),(344,3,1,'http://edusoho-demo.b0.upaiyun.com/files/course/2015/05-29/180158678b87909628.png','',16530,0,1432893718),(345,3,1,'http://edusoho-demo.b0.upaiyun.com/files/course/2015/05-29/18040222fe9e939869.png','',108286,0,1432893842),(346,3,1,'http://edusoho-demo.b0.upaiyun.com/files/course/2015/05-29/180414e06840259194.png','',23329,0,1432893854),(347,3,1,'http://edusoho-demo.b0.upaiyun.com/files/course/2015/05-29/180439712f5e536192.png','',27599,0,1432893879),(348,3,1,'http://edusoho-demo.b0.upaiyun.com/files/course/2015/05-29/180544822502841905.png','',285118,0,1432893944),(349,3,1,'http://edusoho-demo.b0.upaiyun.com/files/course/2015/05-29/18055647846f984583.png','',29496,0,1432893956),(350,3,1,'http://edusoho-demo.b0.upaiyun.com/files/course/2015/05-29/180606e1bd23560019.png','',26640,0,1432893966),(364,1,1,'http://edusoho-demo.b0.upaiyun.com/files/default/2015/06-02/14523753843e698918.jpg','',20039,0,1433227957),(365,1,1,'http://edusoho-demo.b0.upaiyun.com/files/default/2015/06-02/14523753a776241590.jpg','',10330,0,1433227957),(366,1,1,'http://edusoho-demo.b0.upaiyun.com/files/default/2015/06-02/14523753b268289153.jpg','',2415,0,1433227957),(368,1,1,'http://edusoho-demo.b0.upaiyun.com/files/default/2015/06-02/1521040d655f983205.png','',34993,0,1433229664),(369,1,1,'http://edusoho-demo.b0.upaiyun.com/files/default/2015/06-02/1521040d93f1569357.png','',14687,0,1433229664),(370,1,1,'http://edusoho-demo.b0.upaiyun.com/files/default/2015/06-02/1521040da680943132.png','',3248,0,1433229664),(371,8,1,'http://edusoho-demo.b0.upaiyun.com/files/system/2015/06-03/1452237421bd072012.png','',4648,0,1433314343),(372,3,1,'http://edusoho-demo.b0.upaiyun.com/files/course/2015/06-03/1519219723bf500451.png','',14946,0,1433315961),(373,3,1,'http://edusoho-demo.b0.upaiyun.com/files/course/2015/06-03/152306a43129604150.png','',49056,0,1433316186),(374,3,1,'http://edusoho-demo.b0.upaiyun.com/files/course/2015/06-03/15251063ea33429498.png','',11900,0,1433316310),(375,3,1,'http://edusoho-demo.b0.upaiyun.com/files/course/2015/06-03/152518e3291c525540.png','',23689,0,1433316318),(376,3,1,'http://edusoho-demo.b0.upaiyun.com/files/course/2015/06-03/152748494334550512.png','',301117,0,1433316468),(377,3,1,'http://edusoho-demo.b0.upaiyun.com/files/course/2015/06-03/153054e1b3de246491.png','',182080,0,1433316654),(378,3,1,'http://edusoho-demo.b0.upaiyun.com/files/course/2015/06-03/153439f53b83697059.png','',88431,0,1433316879),(379,3,1,'http://edusoho-demo.b0.upaiyun.com/files/course/2015/06-03/153702e85a5b450484.png','',25606,0,1433317022),(380,3,1,'http://edusoho-demo.b0.upaiyun.com/files/course/2015/06-03/154009987c7d480619.png','',38838,0,1433317209),(381,3,1,'http://edusoho-demo.b0.upaiyun.com/files/course/2015/06-03/15423063d551297588.png','',34630,0,1433317350),(382,3,1,'http://edusoho-demo.b0.upaiyun.com/files/course/2015/06-03/1543208cf2ca944887.png','',196673,0,1433317400),(383,3,1,'http://edusoho-demo.b0.upaiyun.com/files/course/2015/06-03/154652cddfcb590391.swf','',1889,0,1433317612),(384,3,1,'http://edusoho-demo.b0.upaiyun.com/files/course/2015/06-03/15545603a97e286669.png','',17143,0,1433318096),(385,3,1,'http://edusoho-demo.b0.upaiyun.com/files/course/2015/06-03/161402a79052635345.png','',51114,0,1433319242),(386,3,1,'http://edusoho-demo.b0.upaiyun.com/files/course/2015/06-03/1615142ddc8a995026.png','',26985,0,1433319314),(387,3,1,'http://edusoho-demo.b0.upaiyun.com/files/course/2015/06-03/162027b7f379466006.png','',81833,0,1433319627),(388,3,1,'http://edusoho-demo.b0.upaiyun.com/files/course/2015/06-03/1840546d0e02967601.png','',28860,0,1433328054),(390,8,1,'http://edusoho-demo.b0.upaiyun.com/files/system/2015/06-10/1419291db01f365270.png','',2986,0,1433917169),(396,1,1,'http://edusoho-demo.b0.upaiyun.com/files/default/2015/06-10/155158e4340f775236.jpg','',10693,0,1433922718),(398,1,1,'http://edusoho-demo.b0.upaiyun.com/files/default/2015/06-10/1553255ca573190303.jpg','',9914,0,1433922805),(400,1,1,'http://edusoho-demo.b0.upaiyun.com/files/default/2015/06-10/155352086968275687.jpg','',7256,0,1433922832),(401,3,1,'http://edusoho-demo.b0.upaiyun.com/files/course/2015/06-11/0925393bb623385174.png','',33702,0,1433985939),(402,3,1,'http://edusoho-demo.b0.upaiyun.com/files/course/2015/06-11/0925520302cf031343.png','',42832,0,1433985952),(403,3,1,'http://edusoho-demo.b0.upaiyun.com/files/course/2015/06-11/10082376be1b640876.png','',78220,0,1433988503),(404,3,1,'http://edusoho-demo.b0.upaiyun.com/files/course/2015/06-11/100940467cb8594693.png','',41833,0,1433988580),(405,3,1,'http://edusoho-demo.b0.upaiyun.com/files/course/2015/06-11/101036ca1c47005830.png','',48214,0,1433988636),(406,3,1,'http://edusoho-demo.b0.upaiyun.com/files/course/2015/06-11/10131285cc74613215.png','',57006,0,1433988792),(407,3,1,'http://edusoho-demo.b0.upaiyun.com/files/course/2015/06-11/1016397b25e2575108.png','',112134,0,1433988999),(408,3,1,'http://edusoho-demo.b0.upaiyun.com/files/course/2015/06-11/1030466ce912438360.png','',32085,0,1433989846),(409,3,1,'http://edusoho-demo.b0.upaiyun.com/files/course/2015/06-11/1035131cd0ae397537.png','',36491,0,1433990113),(410,3,1,'http://edusoho-demo.b0.upaiyun.com/files/course/2015/06-11/104207f0ad82214848.png','',13545,0,1433990527),(411,3,1,'http://edusoho-demo.b0.upaiyun.com/files/course/2015/06-11/1050295313b3642928.png','',131938,0,1433991029),(412,3,1,'http://edusoho-demo.b0.upaiyun.com/files/course/2015/06-11/105330ad7312367935.png','',51338,0,1433991210),(413,3,1,'http://edusoho-demo.b0.upaiyun.com/files/course/2015/06-11/110245539c92926173.png','',15156,0,1433991765),(414,3,1,'http://edusoho-demo.b0.upaiyun.com/files/course/2015/06-11/110254e0a171678380.png','',397962,0,1433991774),(415,3,1,'http://edusoho-demo.b0.upaiyun.com/files/course/2015/06-11/1113277541bd346767.png','',234731,0,1433992407),(416,3,1,'http://edusoho-demo.b0.upaiyun.com/files/course/2015/06-11/111426295656555228.png','',438873,0,1433992466),(417,3,1,'http://edusoho-demo.b0.upaiyun.com/files/course/2015/06-11/120338ad0d9f698852.png','',22166,0,1433995418),(418,3,1,'http://edusoho-demo.b0.upaiyun.com/files/course/2015/06-11/133549513f66448161.png','',174696,0,1434000949),(419,3,1,'http://edusoho-demo.b0.upaiyun.com/files/course/2015/06-11/134623f9329b333398.png','',54402,0,1434001583),(420,3,1,'http://edusoho-demo.b0.upaiyun.com/files/course/2015/06-11/14094043ee39014722.png','',51792,0,1434002980),(421,3,1,'http://edusoho-demo.b0.upaiyun.com/files/course/2015/06-11/1436353c78bc801492.jpg','',14905,0,1434004595),(422,3,1,'http://edusoho-demo.b0.upaiyun.com/files/course/2015/06-11/14380191c262964066.jpg','',103620,0,1434004681),(423,3,1,'http://edusoho-demo.b0.upaiyun.com/files/course/2015/06-11/153732cabb96080465.png','',50738,0,1434008252),(424,3,1,'http://edusoho-demo.b0.upaiyun.com/files/course/2015/06-11/153836c8b08f157559.png','',120078,0,1434008316),(425,3,1,'http://edusoho-demo.b0.upaiyun.com/files/course/2015/06-11/153852c9496a692105.png','',42153,0,1434008332),(426,3,1,'http://edusoho-demo.b0.upaiyun.com/files/course/2015/06-11/153909d754ea896651.png','',46728,0,1434008349),(427,3,1,'http://edusoho-demo.b0.upaiyun.com/files/course/2015/06-11/15393242ba49564131.png','',47061,0,1434008372),(428,3,1,'http://edusoho-demo.b0.upaiyun.com/files/course/2015/06-11/153949523059910214.png','',316362,0,1434008389),(429,3,1,'http://edusoho-demo.b0.upaiyun.com/files/course/2015/06-11/153958e6d841793810.png','',48295,0,1434008398),(430,3,1,'http://edusoho-demo.b0.upaiyun.com/files/course/2015/06-11/1540077c45c8595023.png','',49141,0,1434008407),(431,3,1,'http://edusoho-demo.b0.upaiyun.com/files/course/2015/06-11/15401606cb19319101.png','',49084,0,1434008416),(432,3,1,'http://edusoho-demo.b0.upaiyun.com/files/course/2015/06-11/15402485fd18814198.png','',44029,0,1434008424),(449,1,1,'http://edusoho-demo.b0.upaiyun.com/files/default/2015/06-11/1756524ac51a987008.jpg','',208813,0,1434016612),(479,1,1,'http://edusoho-demo.b0.upaiyun.com/files/default/2015/06-12/172500ceb250316766.jpg','',20877,0,1434101100),(480,1,1,'http://edusoho-demo.b0.upaiyun.com/files/default/2015/06-12/172500cebfdf004785.jpg','',11164,0,1434101100),(481,1,1,'http://edusoho-demo.b0.upaiyun.com/files/default/2015/06-12/172500cecc44809373.jpg','',2701,0,1434101100),(483,1,1,'http://edusoho-demo.b0.upaiyun.com/files/default/2015/06-12/172614677d9c704707.jpg','',20848,0,1434101174),(484,1,1,'http://edusoho-demo.b0.upaiyun.com/files/default/2015/06-12/17261467b24e105797.jpg','',11106,0,1434101174),(485,1,1,'http://edusoho-demo.b0.upaiyun.com/files/default/2015/06-12/17261467bf11465892.jpg','',2712,0,1434101174),(487,1,1,'http://edusoho-demo.b0.upaiyun.com/files/default/2015/06-12/172635bd8f08749848.jpg','',17192,0,1434101195),(488,1,1,'http://edusoho-demo.b0.upaiyun.com/files/default/2015/06-12/172635bdc41d559384.jpg','',8872,0,1434101195),(489,1,1,'http://edusoho-demo.b0.upaiyun.com/files/default/2015/06-12/172635bdd4ca661701.jpg','',2092,0,1434101195),(491,1,1,'http://edusoho-demo.b0.upaiyun.com/files/default/2015/06-16/114752818d1a404689.jpg','',23972,0,1434426472),(492,1,1,'http://edusoho-demo.b0.upaiyun.com/files/default/2015/06-16/11475281b56c154806.jpg','',11751,0,1434426472),(493,1,1,'http://edusoho-demo.b0.upaiyun.com/files/default/2015/06-16/11475281c015205819.jpg','',2758,0,1434426472),(494,7,1,'http://edusoho-demo.b0.upaiyun.com/files/tmp/2015/06-16/114918ea105e306680.jpg','',30146,0,1434426558),(496,1,1,'http://edusoho-demo.b0.upaiyun.com/files/default/2015/06-16/114942646b86261415.jpg','',20568,0,1434426582),(497,1,1,'http://edusoho-demo.b0.upaiyun.com/files/default/2015/06-16/114942651c6f507022.jpg','',9574,0,1434426582),(498,1,1,'http://edusoho-demo.b0.upaiyun.com/files/default/2015/06-16/114942652b7d659082.jpg','',2070,0,1434426582),(508,1,1,'http://edusoho-demo.b0.upaiyun.com/files/default/2015/06-16/115106a9103b432714.jpg','',25637,0,1434426666),(509,1,1,'http://edusoho-demo.b0.upaiyun.com/files/default/2015/06-16/115106a93d87374919.jpg','',13356,0,1434426666),(510,1,1,'http://edusoho-demo.b0.upaiyun.com/files/default/2015/06-16/115106a9477e035558.jpg','',3029,0,1434426666),(512,1,1,'http://edusoho-demo.b0.upaiyun.com/files/default/2015/06-16/115127fc9650061019.jpg','',22861,0,1434426687),(513,1,1,'http://edusoho-demo.b0.upaiyun.com/files/default/2015/06-16/115127fd3692165556.jpg','',11844,0,1434426687),(514,1,1,'http://edusoho-demo.b0.upaiyun.com/files/default/2015/06-16/115127fd40a1905681.jpg','',2880,0,1434426687),(516,1,1,'http://edusoho-demo.b0.upaiyun.com/files/default/2015/06-16/115202242867769958.jpg','',21911,0,1434426722),(517,1,1,'http://edusoho-demo.b0.upaiyun.com/files/default/2015/06-16/115202245c2a453490.jpg','',11791,0,1434426722),(518,1,1,'http://edusoho-demo.b0.upaiyun.com/files/default/2015/06-16/115202246688965842.jpg','',2458,0,1434426722),(520,1,1,'http://edusoho-demo.b0.upaiyun.com/files/default/2015/06-16/115228cbe37a925237.jpg','',33085,0,1434426748),(521,1,1,'http://edusoho-demo.b0.upaiyun.com/files/default/2015/06-16/115228cc1b1d934782.jpg','',11627,0,1434426748),(522,1,1,'http://edusoho-demo.b0.upaiyun.com/files/default/2015/06-16/115228cc2980998612.jpg','',2446,0,1434426748),(524,1,1,'http://edusoho-demo.b0.upaiyun.com/files/default/2015/06-16/115249171cec615132.jpg','',24601,0,1434426769),(525,1,1,'http://edusoho-demo.b0.upaiyun.com/files/default/2015/06-16/11524917ca52868040.jpg','',12776,0,1434426769),(526,1,1,'http://edusoho-demo.b0.upaiyun.com/files/default/2015/06-16/11524917ddc6776806.jpg','',2857,0,1434426769),(528,1,1,'http://edusoho-demo.b0.upaiyun.com/files/default/2015/06-17/092042a515e0598509.jpg','',28198,0,1434504042),(529,1,1,'http://edusoho-demo.b0.upaiyun.com/files/default/2015/06-17/092042a600ba771668.jpg','',13498,0,1434504042),(530,1,1,'http://edusoho-demo.b0.upaiyun.com/files/default/2015/06-17/092042a60c5a125789.jpg','',3051,0,1434504042),(532,1,1,'http://edusoho-demo.b0.upaiyun.com/files/default/2015/06-17/0921586ba011106428.jpg','',25467,0,1434504118),(533,1,1,'http://edusoho-demo.b0.upaiyun.com/files/default/2015/06-17/0921586c121f817021.jpg','',10072,0,1434504118),(534,1,1,'http://edusoho-demo.b0.upaiyun.com/files/default/2015/06-17/0921586c1fce227635.jpg','',2208,0,1434504118),(536,1,1,'http://edusoho-demo.b0.upaiyun.com/files/default/2015/06-17/17563974f457078748.jpg','',38898,0,1434534999),(537,1,1,'http://edusoho-demo.b0.upaiyun.com/files/default/2015/06-17/17563975289c130676.jpg','',20563,0,1434534999),(538,1,1,'http://edusoho-demo.b0.upaiyun.com/files/default/2015/06-17/1756397532ff179397.jpg','',10694,0,1434534999),(540,1,1,'http://edusoho-demo.b0.upaiyun.com/files/default/2015/06-17/17572667cfd8154864.jpg','',27886,0,1434535046),(541,1,1,'http://edusoho-demo.b0.upaiyun.com/files/default/2015/06-17/175726681578291143.jpg','',15889,0,1434535046),(542,1,1,'http://edusoho-demo.b0.upaiyun.com/files/default/2015/06-17/1757266821f4620686.jpg','',8592,0,1434535046),(544,1,1,'http://edusoho-demo.b0.upaiyun.com/files/default/2015/06-17/1758295cd718737406.jpg','',20096,0,1434535109),(545,1,1,'http://edusoho-demo.b0.upaiyun.com/files/default/2015/06-17/1758295ce694730211.jpg','',11464,0,1434535109),(546,1,1,'http://edusoho-demo.b0.upaiyun.com/files/default/2015/06-17/1758295cf0b3221399.jpg','',6361,0,1434535109),(548,1,1,'http://edusoho-demo.b0.upaiyun.com/files/default/2015/06-17/17592808ee48069905.jpg','',26794,0,1434535168),(549,1,1,'http://edusoho-demo.b0.upaiyun.com/files/default/2015/06-17/1759280905cc504031.jpg','',15102,0,1434535168),(550,1,1,'http://edusoho-demo.b0.upaiyun.com/files/default/2015/06-17/175928091d87504569.jpg','',7873,0,1434535168),(552,1,1,'http://edusoho-demo.b0.upaiyun.com/files/default/2015/06-17/1809553dff2c393379.jpg','',21823,0,1434535795),(553,1,1,'http://edusoho-demo.b0.upaiyun.com/files/default/2015/06-17/1809553e8965154774.jpg','',11548,0,1434535795),(554,1,1,'http://edusoho-demo.b0.upaiyun.com/files/default/2015/06-17/1809553e94ba094780.jpg','',2970,0,1434535795),(556,1,1,'http://edusoho-demo.b0.upaiyun.com/files/default/2015/06-17/1818400264a9258719.jpg','',10725,0,1434536320),(557,1,1,'http://edusoho-demo.b0.upaiyun.com/files/default/2015/06-17/18184002c3c8954517.jpg','',4789,0,1434536320),(558,1,1,'http://edusoho-demo.b0.upaiyun.com/files/default/2015/06-17/18184002d15e270497.jpg','',1648,0,1434536320),(564,1,1,'http://edusoho-demo.b0.upaiyun.com/files/default/2015/06-17/182519f8dd9f699133.jpg','',8846,0,1434536719),(565,1,1,'http://edusoho-demo.b0.upaiyun.com/files/default/2015/06-17/182519f90b02808538.jpg','',4466,0,1434536719),(566,1,1,'http://edusoho-demo.b0.upaiyun.com/files/default/2015/06-17/182519f916c5251118.jpg','',1622,0,1434536719),(570,1,1,'http://edusoho-demo.b0.upaiyun.com/files/default/2015/06-18/0904088801e0997753.jpg','',12761,0,1434589448),(572,1,1,'http://edusoho-demo.b0.upaiyun.com/files/default/2015/06-18/090621d7eec5090928.jpg','',8612,0,1434589581),(573,1,1,'http://edusoho-demo.b0.upaiyun.com/files/default/2015/07-02/1521404cbb27781781.png','',12819,0,1435821700),(574,8,1,'http://edusoho-demo.b0.upaiyun.com/files/system/2015/09-06/152153163d59853081.png','',53199,0,1441524113),(575,8,1,'http://edusoho-demo.b0.upaiyun.com/files/system/2015/09-06/15314626e091200582.png','',53377,0,1441524706),(576,8,1,'http://edusoho-demo.b0.upaiyun.com/files/system/2015/09-06/15334043c440372457.jpg','',59158,0,1441524820),(577,8,1,'http://edusoho-demo.b0.upaiyun.com/files/system/2015/09-06/1535164bf5b1532087.jpg','',126981,0,1441524916),(579,1,1,'http://edusoho-demo.b0.upaiyun.com/files/default/2015/09-06/15450955fa84901402.jpg','',20568,0,1441525509),(580,1,1,'http://edusoho-demo.b0.upaiyun.com/files/default/2015/09-06/1545095625fe016373.jpg','',9574,0,1441525509),(581,1,1,'http://edusoho-demo.b0.upaiyun.com/files/default/2015/09-06/154509564a61629860.jpg','',2070,0,1441525509),(582,8,1,'http://edusoho-demo.b0.upaiyun.com/files/system/2015/09-06/160226220e34499002.jpg','',132330,0,1441526546),(583,8,1,'http://edusoho-demo.b0.upaiyun.com/files/system/2015/09-06/164332443847097647.jpg','',126981,0,1441529012),(584,8,1,'http://edusoho-demo.b0.upaiyun.com/files/system/2015/09-06/1643528b5717520327.png','',53377,0,1441529032),(585,8,1,'http://edusoho-demo.b0.upaiyun.com/files/system/2015/09-25/09480994b6b9674166.jpg','',132330,0,1443145689),(586,8,1,'http://edusoho-demo.b0.upaiyun.com/files/system/2015/09-25/094844caca67527539.png','',53377,0,1443145724);
INSERT INTO `file_group` (`id`, `name`, `code`, `public`) VALUES (1,'默认文件组','default',1),(2,'缩略图','thumb',1),(3,'课程','course',1),(4,'用户','user',1),(5,'课程私有文件','course_private',0),(6,'资讯','article',1),(7,'临时目录','tmp',1),(8,'全局设置文件','system',1),(9,'小组','group',1),(10,'编辑区','block',1),(11,'班级','classroom',1);
